delete from events;
delete from users;
delete from gifts;
delete from reservations;
delete from event_assingments;

insert into events(id, name, start_date) values
    (1, 'Wydarzenie 1', '2021-01-11'),
    (2, 'Wydarzenie 2', '2021-02-12'),
    (3, 'Wydarzenie 3', '2021-03-13'),
    (4, 'Wydarzenie 4', '2021-04-14'),
    (5, 'Wydarzenie 5', '2021-05-15');

insert into users(id, email, name, password) values
    (1, 'test1@localhost', 'Tester 1', 'randomhash'),
    (2, 'test2@localhost', 'Tester 2', 'randomhash'),
    (3, 'test3@localhost', 'Tester 3', 'randomhash'),
    (4, 'test4@localhost', 'Tester 4', 'randomhash'),
    (5, 'test5@localhost', 'Tester 5', 'randomhash'),
    (6, 'test6@localhost', 'Tester 6', 'randomhash'),
    (7, 'test7@localhost', 'Tester 7', 'randomhash'),
    (8, 'test8@localhost', 'Tester 8', 'randomhash'),
    (9, 'test9@localhost', 'Tester 9', 'randomhash'),
    (10, 'test10@localhost', 'Tester 10', 'randomhash'),
    (11, 'test11@localhost', 'Tester 11', 'randomhash'),
    (12, 'test12@localhost', 'Tester 12', 'randomhash'),
    (13, 'test13@localhost', 'Tester 13', 'randomhash'),
    (14, 'test14@localhost', 'Tester 14', 'randomhash'),
    (15, 'test15@localhost', 'Tester 15', 'randomhash'),
    (16, 'test16@localhost', 'Tester 16', 'randomhash'),
    (17, 'test17@localhost', 'Tester 17', 'randomhash'),
    (18, 'test18@localhost', 'Tester 18', 'randomhash'),
    (19, 'test19@localhost', 'Tester 19', 'randomhash'),
    (20, 'test29@localhost', 'Tester 20', 'randomhash');

insert into gifts(id, event_id, name, description) values
    (1, 1, 'Prezent 1', 'Opis 1'),
    (2, 1, 'Prezent 2', 'Opis 2'),
    (3, 1, 'Prezent 3', 'Opis 3'),
    (4, 1, 'Prezent 4', 'Opis 4'),
    (5, 1, 'Prezent 5', 'Opis 5'),
    (6, 1, 'Prezent 6', 'Opis 6'),
    (7, 1, 'Prezent 7', 'Opis 7'),
    (8, 1, 'Prezent 8', 'Opis 8'),
    (9, 1, 'Prezent 9', 'Opis 9'),
    (10, 1, 'Prezent 10', 'Opis 10'),
    (11, 1, 'Prezent 11', 'Opis 11'),
    (12, 2, 'Prezent 12', 'Opis 12'),
    (13, 2, 'Prezent 13', 'Opis 13'),
    (14, 2, 'Prezent 14', 'Opis 14'),
    (15, 2, 'Prezent 15', 'Opis 15'),
    (16, 2, 'Prezent 16', 'Opis 16'),
    (17, 2, 'Prezent 17', 'Opis 17'),
    (18, 2, 'Prezent 18', 'Opis 18'),
    (19, 2, 'Prezent 19', 'Opis 19'),
    (20, 2, 'Prezent 20', 'Opis 20'),
    (21, 2, 'Prezent 21', 'Opis 21'),
    (22, 2, 'Prezent 22', 'Opis 22'),
    (23, 3, 'Prezent 23', 'Opis 23'),
    (24, 3, 'Prezent 24', 'Opis 24'),
    (25, 3, 'Prezent 25', 'Opis 25'),
    (26, 3, 'Prezent 26', 'Opis 26'),
    (27, 3, 'Prezent 27', 'Opis 27'),
    (28, 3, 'Prezent 28', 'Opis 28'),
    (29, 3, 'Prezent 29', 'Opis 29'),
    (30, 3, 'Prezent 30', 'Opis 30'),
    (31, 3, 'Prezent 31', 'Opis 31'),
    (32, 3, 'Prezent 32', 'Opis 32'),
    (33, 3, 'Prezent 33', 'Opis 33'),
    (34, 4, 'Prezent 34', 'Opis 34'),
    (35, 4, 'Prezent 35', 'Opis 35'),
    (36, 4, 'Prezent 36', 'Opis 36'),
    (37, 4, 'Prezent 37', 'Opis 37'),
    (38, 4, 'Prezent 38', 'Opis 38'),
    (39, 4, 'Prezent 39', 'Opis 39'),
    (40, 4, 'Prezent 40', 'Opis 40'),
    (41, 4, 'Prezent 41', 'Opis 41'),
    (42, 4, 'Prezent 42', 'Opis 42'),
    (43, 4, 'Prezent 43', 'Opis 43'),
    (44, 4, 'Prezent 44', 'Opis 44'),
    (45, 5, 'Prezent 45', 'Opis 45'),
    (46, 5, 'Prezent 46', 'Opis 46'),
    (47, 5, 'Prezent 47', 'Opis 47'),
    (48, 5, 'Prezent 48', 'Opis 48'),
    (49, 5, 'Prezent 49', 'Opis 49'),
    (50, 5, 'Prezent 50', 'Opis 50'),
    (51, 5, 'Prezent 51', 'Opis 51'),
    (52, 5, 'Prezent 52', 'Opis 52'),
    (53, 5, 'Prezent 53', 'Opis 53'),
    (54, 5, 'Prezent 54', 'Opis 54'),
    (55, 5, 'Prezent 55', 'Opis 55');

insert into event_assignments(id, role, user_id, event_id) values
    (1, 'Organiser', 1, 1),
    (2, 'Guest', 2, 1),
    (3, 'Guest', 3, 1),
    (4, 'Guest', 4, 1),
    (5, 'Organiser', 5, 2),
    (6, 'Guest', 6, 2),
    (7, 'Guest', 7, 2),
    (8, 'Guest', 8, 2),
    (9, 'Organiser', 9, 3),
    (10, 'Guest', 10, 3),
    (11, 'Guest', 11, 3),
    (12, 'Guest', 12, 3),
    (13, 'Organiser', 13, 4),
    (14, 'Guest', 14, 4),
    (15, 'Guest', 15, 4),
    (16, 'Guest', 16, 4),
    (17, 'Organiser', 17, 5),
    (18, 'Guest', 18, 5),
    (19, 'Guest', 19, 5),
    (20, 'Guest', 20, 5);

insert into reservations(id, gift_id, max_users, assignment_id) values
    (1, 1, 2, 2),
    (2, 2, 1, 3),
    (3, 3, 1, 4),
    (4, 12, 2, 6),
    (5, 13, 1, 7),
    (6, 14, 1, 8),
    (7, 23, 2, 10),
    (8, 24, 1, 11),
    (9, 25, 1, 12),
    (10, 34, 2, 14),
    (11, 35, 1, 15),
    (12, 36, 1, 16),
    (13, 45, 2, 18),
    (14, 46, 1, 19),
    (15, 47, 1, 20);